before,checkout,dairy,drinks,fruit,spices
checkout,0.0,0.0,0.0,0.0,0.0
dairy,0.3923887336056762,0.0,0.22231778112233927,0.18985164480756828,0.19544184046441626
drinks,0.5389560298277192,0.027256364103882748,0.0,0.21779377732064797,0.21599382874775006
fruit,0.5007840062720502,0.2369658957271658,0.1364170913367307,0.0,0.1258330066640533
spices,0.2516715699384862,0.3236159400909334,0.2728002139609521,0.15191227600962826,0.0
